/* Populate tabla tipo persona */
INSERT INTO tipo_persona VALUES (1,'Admin');
INSERT INTO tipo_persona VALUES (2,'Supervisor');
INSERT INTO tipo_persona VALUES (3,'Usuario');

/* Populate tabla estado civil */
INSERT INTO estado_civil VALUES (1,'Soltero');
INSERT INTO estado_civil VALUES (2,'Casado');
INSERT INTO estado_civil VALUES (3,'Viudo');

/* Populate tabla sexo_id */
INSERT INTO sexo VALUES (1,'Hombre');
INSERT INTO sexo VALUES (2,'Mujer');
INSERT INTO sexo VALUES (3,'Indefinido');

/* Populate tabla persona */
INSERT INTO persona (nombre, apellido_paterno, apellido_materno,direccion,tipo_persona_id,estado_civil_id,sexo_id) VALUES('Mario','Henriquez','Gonzales','Los vilos 44',1,1,1);
INSERT INTO persona (nombre, apellido_paterno, apellido_materno,direccion,tipo_persona_id,estado_civil_id,sexo_id) VALUES('Maria Elza','Henriquez','Gonzales','Los vilos 44',1,2,2);
INSERT INTO persona (nombre, apellido_paterno, apellido_materno,direccion,tipo_persona_id,estado_civil_id,sexo_id) VALUES('Cristina','Henriquez','Gonzales','Los vilos 44',1,3,2);
INSERT INTO persona (nombre, apellido_paterno, apellido_materno,direccion,tipo_persona_id,estado_civil_id,sexo_id) VALUES('Marco','Henriquez','Gonzales','Los vilos 44',2,1,1);
INSERT INTO persona (nombre, apellido_paterno, apellido_materno,direccion,tipo_persona_id,estado_civil_id,sexo_id) VALUES('Alberto','Henriquez','Gonzales','Los vilos 44',2,2,1);
INSERT INTO persona (nombre, apellido_paterno, apellido_materno,direccion,tipo_persona_id,estado_civil_id,sexo_id) VALUES('Sergio','Henriquez','Gonzales','Los vilos 44',2,3,1);
INSERT INTO persona (nombre, apellido_paterno, apellido_materno,direccion,tipo_persona_id,estado_civil_id,sexo_id) VALUES('Cristopher','Henriquez','Gonzales','Los vilos 44',3,2,1);
INSERT INTO persona (nombre, apellido_paterno, apellido_materno,direccion,tipo_persona_id,estado_civil_id,sexo_id) VALUES('Joaquin','Henriquez','Gonzales','Los vilos 44',3,2,1);
INSERT INTO persona (nombre, apellido_paterno, apellido_materno,direccion,tipo_persona_id,estado_civil_id,sexo_id) VALUES('Marcelo','Henriquez','Gonzales','Los vilos 44',3,2,1);
INSERT INTO persona (nombre, apellido_paterno, apellido_materno,direccion,tipo_persona_id,estado_civil_id,sexo_id) VALUES('Octavio','Henriquez','Gonzales','Los vilos 44',3,2,1);
INSERT INTO persona (nombre, apellido_paterno, apellido_materno,direccion,tipo_persona_id,estado_civil_id,sexo_id) VALUES('Jorge','Henriquez','Gonzales','Los vilos 44',3,1,1);
INSERT INTO persona (nombre, apellido_paterno, apellido_materno,direccion,tipo_persona_id,estado_civil_id,sexo_id) VALUES('Martin','Henriquez','Gonzales','Los vilos 44',3,1,1);
INSERT INTO persona (nombre, apellido_paterno, apellido_materno,direccion,tipo_persona_id,estado_civil_id,sexo_id) VALUES('Octavio','Henriquez','Gonzales','Los vilos 44',3,1,1);